                  epoch,         train/box_loss,         train/cls_loss,         train/dfl_loss,   metrics/precision(B),      metrics/recall(B),       metrics/mAP50(B),    metrics/mAP50-95(B),           val/box_loss,           val/cls_loss,           val/dfl_loss,                 lr/pg0,                 lr/pg1,                 lr/pg2
                      0,                0.84943,                0.81427,                 1.1012,                0.87938,                0.93816,                0.94341,                0.81119,                0.44317,                0.31969,                0.64775,               0.070018,              0.0033313,              0.0033313
                      1,                0.92921,                0.91061,                 1.1414,                0.83011,                0.85314,                0.89301,                0.67866,                0.56457,                0.80187,                0.73536,               0.039985,              0.0066316,              0.0066316
                      2,                 1.1786,                  1.338,                 1.3002,                0.64184,                0.52965,                0.62394,                0.42826,                0.74404,                 3.2126,                0.88302,              0.0099194,               0.009899,               0.009899
                      3,                 1.3657,                 1.7536,                 1.4277,                0.74742,                 0.5467,                 0.6043,                 0.4198,                0.72108,                 1.2183,                0.85503,              0.0098515,              0.0098515,              0.0098515
                      4,                 1.3471,                 1.7334,                 1.4225,                0.84697,                0.64692,                0.72602,                0.51895,                0.65884,                 1.7186,                0.81352,              0.0098515,              0.0098515,              0.0098515
                      5,                 1.3227,                 1.6344,                 1.3992,                 0.7957,                0.66105,                0.73733,                0.53698,                0.64171,                 1.4814,                0.79594,               0.009802,               0.009802,               0.009802
                      6,                 1.3034,                 1.6384,                 1.3825,                0.72121,                0.72511,                0.75861,                0.55962,                0.62245,                 1.3678,                0.78206,              0.0097525,              0.0097525,              0.0097525
                      7,                 1.2845,                 1.5397,                 1.3725,                0.72413,                  0.695,                0.75727,                0.56905,                0.60106,                  1.286,                0.77103,               0.009703,               0.009703,               0.009703
                      8,                 1.2811,                 1.5406,                 1.3725,                0.76447,                0.68458,                0.76091,                0.57152,                0.60731,                 1.0917,                0.76943,              0.0096535,              0.0096535,              0.0096535
                      9,                 1.2756,                 1.5398,                 1.3655,                0.79743,                0.69791,                0.77457,                0.58621,                0.58611,                0.98299,                0.76013,               0.009604,               0.009604,               0.009604
                     10,                 1.2605,                 1.4933,                 1.3591,                0.80818,                0.69006,                0.77705,                0.58706,                0.58245,                 1.0121,                0.75887,              0.0095545,              0.0095545,              0.0095545
                     11,                 1.2603,                 1.5577,                 1.3554,                0.84886,                0.68101,                0.77822,                 0.5907,                0.58076,                 1.0148,                0.75799,               0.009505,               0.009505,               0.009505
                     12,                 1.2421,                 1.4997,                 1.3431,                0.80514,                0.70577,                0.78132,                0.59471,                0.57997,                 1.0367,                0.75746,              0.0094555,              0.0094555,              0.0094555
                     13,                 1.2553,                  1.515,                 1.3534,                0.80019,                0.70492,                0.78234,                0.59659,                0.57667,                 1.0983,                0.75593,               0.009406,               0.009406,               0.009406
                     14,                 1.2493,                 1.4944,                 1.3424,                0.75297,                0.74861,                0.78307,                 0.5958,                0.57891,                 1.1103,                0.75602,              0.0093565,              0.0093565,              0.0093565
                     15,                 1.2324,                  1.494,                 1.3386,                 0.7478,                0.74425,                0.78488,                0.59632,                 0.5794,                 1.0941,                0.75597,               0.009307,               0.009307,               0.009307
                     16,                  1.243,                 1.5002,                 1.3389,                0.73202,                0.74583,                0.78779,                0.60004,                0.57735,                 1.1244,                0.75543,              0.0092575,              0.0092575,              0.0092575
                     17,                 1.2375,                  1.476,                 1.3384,                0.72064,                0.74613,                0.78745,                0.59896,                0.57748,                 1.1313,                0.75533,               0.009208,               0.009208,               0.009208
                     18,                 1.2365,                 1.4704,                  1.335,                0.72752,                0.75228,                0.78687,                0.60164,                0.57519,                 1.1424,                 0.7546,              0.0091585,              0.0091585,              0.0091585
                     19,                 1.2339,                 1.4695,                 1.3345,                0.72819,                0.76579,                0.78857,                0.60294,                0.57498,                 1.1725,                0.75449,               0.009109,               0.009109,               0.009109
                     20,                 1.2397,                 1.4392,                 1.3398,                0.73136,                0.77293,                0.79517,                0.60688,                0.57333,                 1.1542,                0.75369,              0.0090595,              0.0090595,              0.0090595
                     21,                 1.2352,                   1.47,                 1.3361,                0.72408,                0.77336,                0.79281,                0.60571,                0.57156,                 1.1399,                0.75228,                0.00901,                0.00901,                0.00901
                     22,                 1.2239,                 1.4546,                 1.3365,                0.71996,                0.77714,                0.79289,                0.60379,                0.56753,                  1.173,                0.75082,              0.0089605,              0.0089605,              0.0089605
                     23,                 1.2114,                 1.4002,                 1.3257,                0.72205,                0.76402,                0.79127,                0.60242,                0.56422,                 1.1849,                0.75029,               0.008911,               0.008911,               0.008911
                     24,                 1.2289,                 1.4488,                 1.3315,                0.77682,                0.71901,                0.79297,                0.60322,                0.56582,                 1.2176,                0.74986,              0.0088615,              0.0088615,              0.0088615
                     25,                 1.2213,                 1.4413,                 1.3287,                0.80062,                0.71015,                0.79385,                  0.606,                0.56488,                 1.1778,                0.74932,               0.008812,               0.008812,               0.008812
                     26,                 1.2185,                 1.4587,                 1.3175,                0.73126,                0.75771,                0.79154,                0.60609,                0.56542,                  1.144,                0.74928,              0.0087625,              0.0087625,              0.0087625
                     27,                 1.2188,                 1.4583,                 1.3306,                0.73386,                0.76769,                0.79329,                0.60969,                0.56542,                  1.109,                0.74847,               0.008713,               0.008713,               0.008713
                     28,                 1.2256,                 1.4168,                 1.3337,                0.71324,                0.77116,                0.79271,                0.60885,                0.56569,                 1.0764,                0.74844,              0.0086635,              0.0086635,              0.0086635
                     29,                 1.2296,                 1.4559,                 1.3252,                0.71467,                0.78198,                0.79382,                0.61153,                0.56673,                  1.065,                0.74774,               0.008614,               0.008614,               0.008614
                     30,                 1.2228,                 1.4553,                 1.3249,                0.72666,                  0.781,                0.79351,                0.60902,                0.56754,                 1.0542,                0.74729,              0.0085645,              0.0085645,              0.0085645
                     31,                 1.2239,                 1.4668,                 1.3298,                0.72543,                0.77598,                0.79174,                0.60958,                0.56577,                 1.0381,                0.74676,               0.008515,               0.008515,               0.008515
                     32,                 1.2118,                   1.44,                 1.3211,                0.73064,                0.76778,                0.79289,                0.60945,                0.56327,                 1.0459,                0.74666,              0.0084655,              0.0084655,              0.0084655
                     33,                 1.2185,                 1.4089,                 1.3266,                 0.7492,                0.74138,                0.79266,                0.60541,                 0.5633,                 1.0539,                0.74687,               0.008416,               0.008416,               0.008416
                     34,                 1.2119,                 1.4214,                 1.3248,                0.75258,                0.73966,                0.79255,                0.60682,                 0.5634,                  1.041,                 0.7474,              0.0083665,              0.0083665,              0.0083665
                     35,                 1.2161,                 1.4144,                  1.323,                 0.7672,                0.73208,                 0.7949,                0.60669,                0.56703,                 1.0637,                0.74876,               0.008317,               0.008317,               0.008317
                     36,                 1.2161,                 1.4239,                 1.3275,                0.78147,                0.72898,                 0.7941,                0.60482,                0.57093,                 1.0805,                0.74967,              0.0082675,              0.0082675,              0.0082675
                     37,                 1.2167,                 1.4353,                 1.3377,                0.79287,                0.71853,                0.79194,                0.60315,                 0.5687,                  1.143,                0.74984,               0.008218,               0.008218,               0.008218
                     38,                 1.2053,                 1.4198,                 1.3126,                0.78843,                0.72076,                0.79258,                0.60365,                0.56776,                  1.206,                0.74976,              0.0081685,              0.0081685,              0.0081685
                     39,                 1.2137,                 1.3965,                 1.3148,                0.73887,                0.75773,                0.79762,                0.60812,                0.56648,                 1.2661,                 0.7491,               0.008119,               0.008119,               0.008119
                     40,                 1.2093,                  1.393,                 1.3216,                0.75214,                0.74639,                0.79362,                0.60694,                0.56343,                 1.3238,                0.74805,              0.0080695,              0.0080695,              0.0080695
                     41,                    1.2,                 1.4259,                 1.3122,                0.80751,                0.71013,                0.79149,                 0.6075,                0.56099,                 1.3857,                0.74713,                0.00802,                0.00802,                0.00802
                     42,                 1.1977,                 1.4033,                 1.3152,                0.74137,                0.73711,                0.79037,                0.60722,                0.56268,                  1.357,                0.74698,              0.0079705,              0.0079705,              0.0079705
                     43,                 1.2051,                  1.409,                 1.3182,                0.76559,                0.71648,                0.78982,                0.60669,                0.55949,                 1.4086,                0.74687,               0.007921,               0.007921,               0.007921
                     44,                 1.2179,                 1.4238,                 1.3244,                 0.8006,                0.70404,                0.79244,                0.60961,                0.55846,                 1.4252,                0.74727,              0.0078715,              0.0078715,              0.0078715
                     45,                 1.1917,                 1.4182,                 1.3032,                0.80291,                0.71102,                0.79553,                0.61489,                0.55763,                 1.4094,                0.74699,               0.007822,               0.007822,               0.007822
                     46,                 1.2092,                 1.3866,                 1.3201,                0.81662,                0.70911,                0.79562,                0.61473,                 0.5586,                 1.3926,                 0.7468,              0.0077725,              0.0077725,              0.0077725
                     47,                 1.1983,                 1.3653,                 1.3225,                0.83026,                0.70577,                0.80061,                0.61787,                0.55766,                 1.3773,                0.74682,               0.007723,               0.007723,               0.007723
                     48,                 1.2096,                 1.3999,                 1.3176,                 0.8359,                0.70257,                0.80043,                0.61631,                0.55543,                 1.3078,                  0.747,              0.0076735,              0.0076735,              0.0076735
                     49,                 1.1853,                 1.3847,                 1.3046,                0.83126,                0.70653,                0.80103,                0.61231,                0.55187,                  1.304,                0.74701,               0.007624,               0.007624,               0.007624
                     50,                 1.1935,                 1.3514,                  1.313,                0.80236,                0.71558,                0.80233,                0.61547,                0.55317,                 1.2817,                0.74782,              0.0075745,              0.0075745,              0.0075745
                     51,                 1.2031,                 1.3848,                 1.3101,                0.82781,                0.70819,                0.80703,                0.61768,                0.55446,                 1.2617,                0.74768,               0.007525,               0.007525,               0.007525
                     52,                 1.2013,                 1.3835,                 1.3116,                0.81426,                 0.7245,                0.80764,                0.62104,                0.55739,                 1.2579,                0.74777,              0.0074755,              0.0074755,              0.0074755
                     53,                 1.1946,                  1.355,                 1.3092,                 0.8082,                0.72999,                0.81025,                0.61955,                0.55783,                 1.2759,                0.74679,               0.007426,               0.007426,               0.007426
                     54,                 1.1931,                 1.3715,                  1.309,                0.79586,                0.72123,                0.81135,                0.62014,                0.55586,                 1.2597,                0.74702,              0.0073765,              0.0073765,              0.0073765
                     55,                 1.1743,                 1.3857,                 1.2983,                0.79212,                0.72106,                0.81043,                0.62066,                0.55827,                 1.2327,                0.74773,               0.007327,               0.007327,               0.007327
                     56,                 1.1855,                 1.3802,                 1.3048,                0.71771,                0.76063,                0.81196,                   0.62,                0.55856,                  1.223,                0.74793,              0.0072775,              0.0072775,              0.0072775
                     57,                 1.1851,                 1.3529,                 1.3034,                0.73514,                 0.7618,                0.81325,                0.62214,                0.55866,                 1.2578,                0.74764,               0.007228,               0.007228,               0.007228
                     58,                 1.1874,                  1.345,                 1.2991,                0.78174,                0.75094,                0.81353,                0.62315,                0.55912,                 1.2937,                0.74719,              0.0071785,              0.0071785,              0.0071785
                     59,                 1.1867,                  1.374,                 1.3037,                 0.7934,                0.75488,                0.81296,                0.62188,                0.56274,                  1.333,                0.74726,               0.007129,               0.007129,               0.007129
                     60,                 1.1882,                 1.3441,                 1.2984,                0.78488,                0.74931,                0.81429,                 0.6244,                0.56341,                 1.3564,                0.74774,              0.0070795,              0.0070795,              0.0070795
                     61,                 1.1766,                 1.3345,                 1.2977,                0.79282,                0.75377,                0.81361,                0.62292,                0.56089,                 1.3809,                0.74729,                0.00703,                0.00703,                0.00703
                     62,                 1.1744,                  1.324,                 1.2994,                0.79865,                0.74888,                0.81476,                0.62268,                0.56101,                  1.377,                0.74739,              0.0069805,              0.0069805,              0.0069805
                     63,                 1.1769,                 1.3444,                 1.2976,                 0.7928,                0.75529,                0.81481,                0.61961,                0.55883,                 1.3399,                0.74689,               0.006931,               0.006931,               0.006931
                     64,                 1.1594,                 1.3327,                 1.2932,                 0.8036,                0.76022,                0.81595,                0.62611,                0.55881,                 1.2933,                0.74648,              0.0068815,              0.0068815,              0.0068815
                     65,                  1.171,                 1.3598,                 1.2984,                0.79564,                0.76517,                0.81204,                0.62277,                 0.5544,                 1.3092,                0.74565,               0.006832,               0.006832,               0.006832
                     66,                 1.1661,                 1.3171,                 1.2885,                0.79284,                0.76369,                0.81214,                0.62133,                0.54796,                 1.2967,                 0.7452,              0.0067825,              0.0067825,              0.0067825
                     67,                 1.1789,                 1.3628,                 1.3049,                0.81502,                  0.748,                 0.8135,                0.62402,                0.54536,                 1.2904,                0.74524,               0.006733,               0.006733,               0.006733
                     68,                  1.162,                 1.3301,                 1.2945,                 0.8063,                0.73855,                0.81551,                0.62746,                0.54935,                 1.3321,                0.74649,              0.0066835,              0.0066835,              0.0066835
                     69,                 1.1802,                 1.3419,                 1.2975,                0.80777,                0.74726,                0.81904,                0.62436,                0.55069,                 1.3571,                0.74678,               0.006634,               0.006634,               0.006634
                     70,                 1.1839,                  1.337,                 1.2994,                0.81023,                0.74467,                0.81676,                0.62219,                0.55211,                 1.3564,                0.74762,              0.0065845,              0.0065845,              0.0065845
                     71,                 1.1784,                 1.3149,                  1.305,                 0.8052,                0.74072,                0.81512,                 0.6238,                0.54993,                 1.3754,                0.74659,               0.006535,               0.006535,               0.006535
                     72,                 1.1645,                 1.3096,                 1.2956,                0.77868,                0.76649,                0.81161,                0.62555,                0.55049,                 1.3297,                0.74611,              0.0064855,              0.0064855,              0.0064855
                     73,                 1.1581,                 1.3003,                  1.288,                0.76969,                0.76032,                0.81016,                0.62363,                0.55192,                 1.3034,                0.74543,               0.006436,               0.006436,               0.006436
                     74,                  1.168,                 1.3486,                 1.2874,                0.76978,                0.76434,                0.81292,                 0.6225,                0.55059,                 1.2816,                 0.7446,              0.0063865,              0.0063865,              0.0063865
                     75,                 1.1586,                 1.3159,                 1.2866,                 0.7683,                0.75995,                0.81316,                0.62189,                0.54789,                 1.2903,                  0.744,               0.006337,               0.006337,               0.006337
                     76,                  1.162,                 1.3479,                 1.2841,                0.77529,                0.75798,                0.81101,                 0.6226,                0.54596,                 1.3016,                0.74363,              0.0062875,              0.0062875,              0.0062875
                     77,                  1.153,                 1.2864,                  1.282,                0.77026,                0.75611,                0.81395,                 0.6268,                0.54345,                 1.3207,                0.74349,               0.006238,               0.006238,               0.006238
                     78,                 1.1499,                 1.2618,                 1.2812,                0.77525,                0.75148,                0.81031,                0.62567,                0.54219,                 1.3392,                0.74315,              0.0061885,              0.0061885,              0.0061885
                     79,                 1.1579,                    1.3,                 1.2866,                0.76961,                0.74372,                0.81568,                0.62599,                0.54188,                 1.3352,                0.74312,               0.006139,               0.006139,               0.006139
                     80,                 1.1436,                 1.3023,                 1.2731,                0.74993,                0.75777,                0.81144,                0.62163,                0.54362,                  1.326,                0.74407,              0.0060895,              0.0060895,              0.0060895
                     81,                 1.1448,                 1.3104,                  1.279,                0.80794,                0.73066,                0.80947,                 0.6201,                  0.544,                 1.3473,                0.74403,                0.00604,                0.00604,                0.00604
                     82,                 1.1513,                 1.2925,                 1.2859,                0.80742,                 0.7353,                0.80984,                0.62161,                0.54362,                 1.3926,                0.74326,              0.0059905,              0.0059905,              0.0059905
                     83,                 1.1457,                 1.2901,                 1.2769,                0.80746,                0.73365,                0.81416,                0.62105,                0.54275,                 1.4441,                0.74206,               0.005941,               0.005941,               0.005941
                     84,                 1.1363,                 1.2827,                  1.269,                0.80859,                0.73606,                0.81604,                0.62456,                0.54292,                 1.5144,                0.74278,              0.0058915,              0.0058915,              0.0058915
                     85,                   1.15,                 1.3059,                 1.2764,                0.81442,                0.73085,                0.81184,                0.62421,                0.54379,                 1.5335,                0.74384,               0.005842,               0.005842,               0.005842
                     86,                  1.145,                 1.2909,                 1.2776,                0.81101,                0.73248,                0.81043,                0.62255,                0.54412,                 1.5337,                0.74368,              0.0057925,              0.0057925,              0.0057925
                     87,                  1.139,                 1.2748,                 1.2735,                0.80606,                0.74156,                0.81022,                0.62277,                0.54637,                 1.4982,                0.74282,               0.005743,               0.005743,               0.005743
                     88,                 1.1356,                 1.2533,                 1.2628,                0.80132,                0.74315,                  0.809,                 0.6206,                0.54554,                 1.5251,                 0.7418,              0.0056935,              0.0056935,              0.0056935
                     89,                 1.1256,                  1.261,                 1.2678,                0.80311,                0.74392,                0.80731,                0.62306,                0.54069,                  1.463,                0.74016,               0.005644,               0.005644,               0.005644
                     90,                 1.1367,                  1.264,                 1.2755,                0.79412,                0.75231,                0.80769,                0.62052,                0.53733,                  1.388,                0.73959,              0.0055945,              0.0055945,              0.0055945
                     91,                 1.1409,                 1.2665,                 1.2801,                0.79552,                 0.7544,                0.81076,                0.62404,                0.53594,                 1.3484,                0.73924,               0.005545,               0.005545,               0.005545
                     92,                 1.1407,                 1.2688,                 1.2673,                0.80112,                0.75237,                0.81505,                 0.6282,                0.53257,                 1.3168,                0.73883,              0.0054955,              0.0054955,              0.0054955
                     93,                 1.1191,                 1.2494,                 1.2622,                0.80392,                0.77245,                0.82043,                 0.6321,                 0.5321,                 1.2922,                0.73936,               0.005446,               0.005446,               0.005446
                     94,                 1.1233,                  1.267,                  1.264,                0.79724,                0.75279,                0.81984,                0.62856,                0.53084,                 1.3062,                   0.74,              0.0053965,              0.0053965,              0.0053965
                     95,                 1.1332,                 1.2817,                  1.265,                0.80368,                0.76666,                0.82157,                 0.6313,                0.53347,                  1.309,                0.73987,               0.005347,               0.005347,               0.005347
                     96,                 1.1187,                 1.2289,                 1.2619,                0.79851,                0.76938,                0.82298,                0.63092,                0.53344,                 1.2841,                0.73967,              0.0052975,              0.0052975,              0.0052975
                     97,                 1.1244,                 1.2471,                 1.2687,                0.82546,                0.76556,                0.82632,                0.63412,                0.53543,                 1.2431,                0.73965,               0.005248,               0.005248,               0.005248
                     98,                 1.1255,                 1.2455,                 1.2655,                0.81953,                0.76084,                0.82413,                0.63175,                0.53817,                 1.2471,                0.73976,              0.0051985,              0.0051985,              0.0051985
                     99,                 1.1192,                 1.2162,                 1.2497,                0.81901,                0.75723,                0.82492,                0.63412,                0.54131,                 1.2292,                0.74026,               0.005149,               0.005149,               0.005149
                    100,                 1.1165,                  1.267,                  1.251,                0.79786,                0.77521,                0.83138,                0.63719,                 0.5428,                 1.2118,                0.74042,              0.0050995,              0.0050995,              0.0050995
                    101,                 1.1209,                 1.2518,                  1.253,                0.80871,                0.76672,                0.83095,                0.63804,                0.54529,                 1.1844,                0.74088,                0.00505,                0.00505,                0.00505
                    102,                 1.1002,                 1.2163,                 1.2438,                0.80668,                0.76452,                0.83013,                0.63768,                0.54627,                 1.1899,                0.74087,              0.0050005,              0.0050005,              0.0050005
                    103,                 1.0984,                 1.2036,                 1.2432,                0.78782,                0.78332,                0.83083,                0.63738,                0.54778,                 1.1753,                0.74169,               0.004951,               0.004951,               0.004951
                    104,                 1.1129,                 1.2008,                  1.258,                0.81817,                0.77142,                0.83214,                0.63766,                0.54607,                 1.2043,                0.74215,              0.0049015,              0.0049015,              0.0049015
                    105,                 1.1096,                 1.2092,                 1.2562,                0.78724,                0.78606,                0.83227,                0.63826,                0.54408,                 1.2701,                0.74313,               0.004852,               0.004852,               0.004852
                    106,                 1.0906,                 1.1955,                 1.2355,                0.79317,                0.78421,                0.82828,                0.63866,                0.54188,                 1.2844,                0.74203,              0.0048025,              0.0048025,              0.0048025
                    107,                 1.1121,                 1.2121,                 1.2544,                0.78502,                0.79897,                0.82812,                0.63778,                0.54003,                 1.3337,                0.74112,               0.004753,               0.004753,               0.004753
                    108,                 1.0993,                  1.217,                 1.2457,                 0.7754,                0.78894,                0.82701,                0.63665,                0.53748,                 1.3726,                0.74096,              0.0047035,              0.0047035,              0.0047035
                    109,                  1.095,                 1.1779,                 1.2496,                0.76654,                0.79197,                0.82501,                0.63486,                0.53681,                 1.3797,                0.74106,               0.004654,               0.004654,               0.004654
                    110,                 1.0877,                 1.2118,                 1.2354,                0.75458,                0.79286,                0.82374,                0.63448,                0.53788,                 1.4046,                0.74065,              0.0046045,              0.0046045,              0.0046045
                    111,                 1.0914,                 1.1803,                  1.245,                0.75744,                0.78153,                0.82059,                0.63073,                0.53812,                 1.3944,                0.74006,               0.004555,               0.004555,               0.004555
                    112,                 1.0999,                 1.1816,                 1.2458,                0.76472,                0.77177,                0.81994,                 0.6307,                0.53832,                 1.4077,                 0.7394,              0.0045055,              0.0045055,              0.0045055
                    113,                 1.0933,                 1.1688,                 1.2366,                0.76935,                0.77288,                 0.8221,                0.63119,                0.53725,                 1.4783,                0.73865,               0.004456,               0.004456,               0.004456
                    114,                 1.0878,                 1.1554,                 1.2357,                0.74796,                0.80561,                0.82118,                0.63087,                 0.5359,                 1.5636,                0.73806,              0.0044065,              0.0044065,              0.0044065
                    115,                 1.0816,                 1.1628,                 1.2382,                0.74299,                0.79743,                0.82081,                0.63019,                0.53444,                 1.6797,                0.73832,               0.004357,               0.004357,               0.004357
                    116,                 1.0928,                 1.1632,                 1.2453,                0.81933,                0.73455,                0.82139,                 0.6321,                0.53315,                 1.6665,                 0.7382,              0.0043075,              0.0043075,              0.0043075
                    117,                  1.072,                 1.1896,                 1.2238,                0.82021,                0.73415,                0.82383,                0.63072,                0.53367,                  1.582,                0.73846,               0.004258,               0.004258,               0.004258
                    118,                 1.0809,                 1.1471,                 1.2351,                 0.8061,                0.75451,                0.82553,                0.63343,                0.53521,                  1.485,                0.73909,              0.0042085,              0.0042085,              0.0042085
                    119,                  1.083,                  1.153,                 1.2342,                0.80729,                0.75191,                0.82266,                0.63463,                0.53719,                  1.493,                0.73939,               0.004159,               0.004159,               0.004159
                    120,                 1.0906,                 1.1927,                 1.2342,                0.80337,                0.74641,                 0.8225,                0.63331,                0.53638,                 1.4517,                0.73955,              0.0041095,              0.0041095,              0.0041095
                    121,                 1.0827,                 1.1573,                 1.2349,                0.75925,                0.79301,                0.82206,                0.63261,                0.53686,                 1.3942,                0.73925,                0.00406,                0.00406,                0.00406
                    122,                 1.0791,                 1.1835,                 1.2313,                0.76206,                0.78606,                0.82381,                0.63242,                 0.5378,                  1.314,                0.73917,              0.0040105,              0.0040105,              0.0040105
                    123,                 1.0625,                 1.1536,                 1.2265,                0.74868,                0.79438,                0.82398,                0.63264,                0.53918,                 1.1918,                0.73826,               0.003961,               0.003961,               0.003961
                    124,                  1.065,                 1.1327,                 1.2285,                 0.7387,                0.79153,                0.82483,                0.63346,                0.54171,                 1.1284,                0.73883,              0.0039115,              0.0039115,              0.0039115
                    125,                 1.0725,                 1.1169,                 1.2326,                0.73733,                0.79711,                0.82451,                 0.6357,                0.54044,                 1.0773,                0.73846,               0.003862,               0.003862,               0.003862
                    126,                 1.0667,                 1.1095,                  1.224,                0.73574,                 0.7848,                0.82426,                0.63577,                0.54074,                 1.0636,                0.73802,              0.0038125,              0.0038125,              0.0038125
                    127,                 1.0675,                 1.1232,                 1.2247,                0.75134,                0.79383,                0.82156,                0.63321,                0.54237,                 1.0309,                 0.7378,               0.003763,               0.003763,               0.003763
                    128,                 1.0654,                 1.1375,                 1.2236,                0.75427,                0.79033,                0.81846,                0.63494,                0.53838,                 1.0547,                0.73709,              0.0037135,              0.0037135,              0.0037135
                    129,                 1.0588,                 1.0857,                 1.2193,                0.75806,                0.78956,                0.81778,                0.63524,                0.53733,                 1.0692,                0.73721,               0.003664,               0.003664,               0.003664
                    130,                 1.0511,                 1.1225,                 1.2158,                 0.7505,                 0.7904,                0.81799,                0.63683,                0.53675,                 1.0672,                0.73721,              0.0036145,              0.0036145,              0.0036145
                    131,                 1.0398,                 1.1103,                 1.2133,                0.75974,                0.78531,                0.81867,                0.63686,                0.53433,                 1.0306,                 0.7369,               0.003565,               0.003565,               0.003565
                    132,                 1.0571,                 1.1082,                 1.2214,                0.75345,                0.79218,                0.81552,                0.63688,                0.53636,                 1.0489,                0.73733,              0.0035155,              0.0035155,              0.0035155
                    133,                 1.0381,                 1.0871,                 1.2032,                0.75337,                0.79196,                0.81367,                0.63384,                0.53663,                  1.034,                0.73742,               0.003466,               0.003466,               0.003466
                    134,                 1.0384,                 1.0795,                 1.2047,                0.75334,                0.79245,                0.81204,                0.63295,                0.53806,                 1.0676,                0.73693,              0.0034165,              0.0034165,              0.0034165
                    135,                 1.0244,                  1.062,                 1.2018,                0.76126,                0.78373,                0.81313,                0.63281,                0.53836,                 1.0993,                0.73676,               0.003367,               0.003367,               0.003367
                    136,                  1.038,                 1.0429,                 1.2082,                0.75464,                0.77936,                0.81445,                0.63598,                0.54031,                  1.143,                 0.7359,              0.0033175,              0.0033175,              0.0033175
                    137,                 1.0193,                 1.0328,                 1.1954,                0.74229,                0.78283,                0.81158,                0.63475,                0.54168,                 1.1193,                0.73685,               0.003268,               0.003268,               0.003268
                    138,                 1.0328,                  1.061,                 1.2053,                0.73725,                0.79033,                0.80634,                0.62996,                 0.5418,                 1.1026,                0.73706,              0.0032185,              0.0032185,              0.0032185
                    139,                 1.0219,                 1.0619,                 1.1913,                0.73617,                0.78882,                0.80749,                0.62984,                0.54157,                0.98954,                0.73693,               0.003169,               0.003169,               0.003169
                    140,                 1.0142,                 1.0394,                 1.1946,                0.73182,                0.79215,                0.80881,                0.63322,                0.54597,                0.95929,                0.73713,              0.0031195,              0.0031195,              0.0031195
                    141,                 1.0206,                 1.0587,                 1.2006,                 0.7364,                0.78797,                  0.808,                0.63217,                0.54963,                0.95358,                0.73812,                0.00307,                0.00307,                0.00307
                    142,                 1.0142,                 1.0347,                 1.1897,                0.73426,                0.78824,                0.80866,                0.62963,                0.54903,                0.88295,                0.73805,              0.0030205,              0.0030205,              0.0030205
                    143,                 1.0084,                 1.0025,                 1.1885,                0.75491,                0.79477,                0.81185,                0.63404,                0.54798,                0.88247,                0.73806,               0.002971,               0.002971,               0.002971
                    144,                 1.0113,                 1.0525,                 1.1896,                0.75088,                0.79247,                0.81257,                0.63343,                0.54727,                0.88393,                0.73825,              0.0029215,              0.0029215,              0.0029215
                    145,                 0.9899,                 1.0095,                 1.1784,                 0.7553,                0.78515,                0.81497,                0.63613,                0.54711,                0.87128,                0.73825,               0.002872,               0.002872,               0.002872
                    146,                 1.0009,                0.99928,                 1.1827,                0.75287,                0.78813,                0.81168,                0.63192,                0.54449,                0.84985,                0.73751,              0.0028225,              0.0028225,              0.0028225
                    147,                0.99478,                 1.0006,                 1.1788,                0.75319,                0.78254,                0.81105,                 0.6302,                0.54465,                0.76902,                0.73781,               0.002773,               0.002773,               0.002773
                    148,                0.99465,                 1.0018,                 1.1758,                0.75152,                0.79199,                0.80849,                0.62907,                0.54218,                0.68236,                 0.7381,              0.0027235,              0.0027235,              0.0027235
                    149,                 0.9749,                0.98166,                 1.1674,                0.75569,                0.79637,                 0.8085,                0.62865,                0.54033,                0.63067,                0.73783,               0.002674,               0.002674,               0.002674
                    150,                0.98864,                 1.0426,                 1.1752,                0.75046,                0.78995,                0.80876,                0.62788,                0.54318,                0.62653,                0.73858,              0.0026245,              0.0026245,              0.0026245
                    151,                0.97548,                 0.9656,                 1.1777,                0.76809,                0.77687,                0.80951,                0.62834,                0.54309,                0.62662,                0.73941,               0.002575,               0.002575,               0.002575
                    152,                0.97281,                 0.9793,                 1.1594,                0.76807,                0.76926,                0.80882,                0.62739,                0.54429,                0.62976,                0.74013,              0.0025255,              0.0025255,              0.0025255
                    153,                0.97256,                0.96408,                 1.1654,                0.77501,                 0.7699,                0.80982,                0.62944,                0.54478,                0.63516,                0.74076,               0.002476,               0.002476,               0.002476
                    154,                0.96938,                0.95462,                 1.1641,                0.77829,                0.76426,                0.80971,                0.63396,                0.54301,                 0.6793,                0.74058,              0.0024265,              0.0024265,              0.0024265
                    155,                0.95363,                0.95581,                 1.1522,                0.77889,                0.76228,                0.81065,                0.63126,                0.54257,                0.68002,                0.74077,               0.002377,               0.002377,               0.002377
                    156,                0.95356,                0.91563,                 1.1534,                0.75194,                0.75904,                0.81098,                0.63233,                0.54039,                0.66728,                0.74127,              0.0023275,              0.0023275,              0.0023275
                    157,                0.94661,                0.92442,                 1.1502,                0.76458,                0.77279,                0.81322,                0.63422,                0.53987,                0.68134,                0.74179,               0.002278,               0.002278,               0.002278
                    158,                0.95144,                0.92094,                 1.1504,                0.76782,                0.76139,                0.81239,                0.63354,                0.53998,                0.67665,                0.74294,              0.0022285,              0.0022285,              0.0022285
                    159,                0.93941,                0.90344,                 1.1451,                0.76429,                0.76524,                0.81196,                0.63464,                0.53781,                0.67316,                0.74226,               0.002179,               0.002179,               0.002179
                    160,                0.93842,                0.92628,                 1.1467,                0.76034,                0.77056,                 0.8122,                0.63634,                0.53755,                0.65283,                0.74369,              0.0021295,              0.0021295,              0.0021295
                    161,                0.93782,                0.91979,                 1.1507,                0.77169,                0.75368,                0.81224,                0.63642,                0.53754,                0.64354,                0.74328,                0.00208,                0.00208,                0.00208
                    162,                 0.9316,                0.91543,                 1.1433,                0.76924,                 0.7579,                0.81032,                0.63709,                0.53802,                0.65732,                0.74369,              0.0020305,              0.0020305,              0.0020305
                    163,                0.92015,                 0.8764,                 1.1399,                0.77978,                0.73888,                0.80803,                0.63376,                0.53952,                0.67942,                 0.7439,               0.001981,               0.001981,               0.001981
                    164,                0.92038,                0.87703,                 1.1318,                0.78048,                0.73683,                0.80737,                0.63271,                0.54155,                0.64558,                0.74412,              0.0019315,              0.0019315,              0.0019315
                    165,                0.91262,                0.82784,                 1.1311,                0.78177,                 0.7383,                0.80791,                0.63447,                0.54396,                 0.6137,                0.74369,               0.001882,               0.001882,               0.001882
                    166,                0.88816,                0.83188,                 1.1196,                0.78633,                0.73525,                0.80693,                0.63166,                0.54552,                0.61694,                0.74484,              0.0018325,              0.0018325,              0.0018325
                    167,                0.89634,                0.80456,                  1.117,                0.78145,                0.74099,                0.80538,                0.63053,                0.54902,                0.64589,                0.74586,               0.001783,               0.001783,               0.001783
                    168,                0.89144,                0.83908,                 1.1149,                0.78518,                0.73951,                0.80543,                0.63281,                 0.5535,                0.63114,                0.74666,              0.0017335,              0.0017335,              0.0017335
                    169,                0.88953,                0.82756,                 1.1136,                0.79259,                0.74033,                0.80483,                0.63421,                0.55386,                0.60333,                0.74641,               0.001684,               0.001684,               0.001684
                    170,                0.87658,                0.81178,                 1.1134,                0.78908,                0.74935,                0.80476,                0.63338,                0.55281,                0.56716,                0.74596,              0.0016345,              0.0016345,              0.0016345
                    171,                0.87247,                0.78292,                 1.1081,                0.78134,                0.73859,                0.80594,                0.63339,                 0.5522,                 0.5521,                 0.7456,               0.001585,               0.001585,               0.001585
                    172,                0.86885,                0.78538,                  1.105,                 0.7865,                0.72623,                0.80259,                0.63149,                 0.5546,                0.55918,                0.74653,              0.0015355,              0.0015355,              0.0015355
                    173,                0.85995,                 0.7689,                 1.0977,                0.78439,                0.72108,                0.80102,                0.63242,                0.55438,                0.56224,                0.74646,               0.001486,               0.001486,               0.001486
                    174,                0.85452,                0.76662,                  1.099,                0.79512,                0.71381,                0.80207,                0.63281,                0.55534,                0.54611,                0.74689,              0.0014365,              0.0014365,              0.0014365
                    175,                0.83305,                0.73612,                 1.0839,                0.81624,                 0.6961,                0.79977,                0.63052,                0.55839,                0.53375,                0.74819,               0.001387,               0.001387,               0.001387
                    176,                0.82098,                 0.7408,                 1.0754,                0.80017,                0.70854,                0.79999,                0.62928,                0.55915,                0.52583,                0.74903,              0.0013375,              0.0013375,              0.0013375
                    177,                0.82724,                0.70202,                 1.0809,                0.81091,                0.71054,                0.80005,                0.63126,                0.56011,                0.52066,                0.74986,               0.001288,               0.001288,               0.001288
                    178,                0.81642,                 0.7022,                 1.0781,                0.80312,                 0.7119,                0.79828,                0.62826,                0.56019,                0.51415,                0.74965,              0.0012385,              0.0012385,              0.0012385
                    179,                0.81451,                0.69286,                 1.0756,                0.78236,                0.72301,                0.79657,                0.62547,                0.56207,                0.49437,                0.75107,               0.001189,               0.001189,               0.001189
                    180,                0.80308,                0.70323,                 1.0718,                0.79949,                0.72356,                0.79654,                 0.6236,                0.56225,                 0.4788,                0.75209,              0.0011395,              0.0011395,              0.0011395
                    181,                0.78363,                0.69249,                 1.0562,                0.80336,                0.71514,                0.79306,                0.62166,                0.56216,                 0.4689,                0.75332,                0.00109,                0.00109,                0.00109
                    182,                0.78743,                0.64598,                  1.068,                0.80442,                0.71797,                0.79467,                0.62175,                0.56227,                0.47075,                0.75456,              0.0010405,              0.0010405,              0.0010405
                    183,                 0.7658,                0.64981,                 1.0519,                0.81892,                0.70324,                0.79319,                0.62183,                0.56417,                0.47045,                 0.7571,               0.000991,               0.000991,               0.000991
                    184,                0.76162,                0.65635,                 1.0479,                0.81907,                0.70687,                0.78884,                0.61751,                0.56425,                0.47511,                0.75873,              0.0009415,              0.0009415,              0.0009415
                    185,                0.76139,                0.61637,                 1.0531,                0.80881,                0.70987,                0.79043,                0.62025,                0.56233,                0.48103,                0.75953,               0.000892,               0.000892,               0.000892
                    186,                0.74837,                0.63149,                  1.043,                0.80769,                0.71072,                0.78759,                0.61921,                 0.5605,                0.48577,                0.75948,              0.0008425,              0.0008425,              0.0008425
                    187,                0.73527,                0.61527,                 1.0368,                0.81062,                0.71736,                0.78787,                0.62238,                0.56103,                0.48649,                0.76054,               0.000793,               0.000793,               0.000793
                    188,                0.73121,                0.61282,                 1.0351,                0.80668,                0.71284,                0.78743,                0.62349,                0.56029,                0.48792,                0.76138,              0.0007435,              0.0007435,              0.0007435
                    189,                0.71479,                0.58437,                  1.024,                0.79764,                0.72263,                0.78946,                0.62496,                0.55886,                0.48675,                0.76074,               0.000694,               0.000694,               0.000694
                    190,                0.71187,                0.56028,                 1.0296,                0.79364,                0.71441,                0.78614,                 0.6242,                0.56064,                0.49471,                0.76217,              0.0006445,              0.0006445,              0.0006445
                    191,                0.69114,                0.55775,                  1.019,                0.81223,                0.69995,                0.78653,                0.62476,                0.56125,                0.50008,                0.76231,               0.000595,               0.000595,               0.000595
                    192,                 0.6885,                0.56973,                 1.0162,                 0.8059,                 0.7038,                0.78385,                0.62411,                 0.5605,                0.50977,                0.76311,              0.0005455,              0.0005455,              0.0005455
                    193,                0.67083,                0.54663,                 1.0077,                0.79544,                 0.6933,                0.78151,                0.62309,                0.56067,                0.51976,                0.76374,               0.000496,               0.000496,               0.000496
                    194,                0.67144,                0.53394,                 1.0052,                0.79969,                0.69083,                0.77912,                0.62077,                 0.5603,                0.52769,                0.76509,              0.0004465,              0.0004465,              0.0004465
                    195,                0.65298,                0.49566,                0.99459,                0.80052,                0.69081,                0.77559,                0.61963,                0.56008,                0.53224,                0.76713,               0.000397,               0.000397,               0.000397
                    196,                0.64635,                0.50641,                 0.9996,                0.79501,                0.70034,                0.77692,                0.62031,                0.56034,                0.53972,                0.76897,              0.0003475,              0.0003475,              0.0003475
                    197,                 0.6338,                0.49079,                0.98729,                0.79738,                0.68866,                0.77507,                0.61883,                0.56122,                0.54948,                0.77132,               0.000298,               0.000298,               0.000298
                    198,                0.62172,                0.49061,                0.98091,                0.78953,                0.69177,                0.77029,                0.61589,                 0.5627,                0.56158,                0.77303,              0.0002485,              0.0002485,              0.0002485
                    199,                 0.6111,                0.46609,                0.98604,                0.78685,                0.69161,                0.76589,                0.61217,                0.56341,                0.56808,                0.77508,               0.000199,               0.000199,               0.000199
